career_title,required_skills,salary_min,salary_max,demand_level,automation_risk,competition_level,job_type,market_trend,salary_growth_rate
Data Scientist,"Python,R,SQL,Machine Learning,Deep Learning,Statistics,Probability,Pandas,NumPy,Scikit-learn,Data Visualization,Tableau,Matplotlib,Seaborn,Feature Engineering,Model Deployment,Jupyter,Git,Communication,Domain Knowledge",80000,140000,9,25,8,Remote,Moderate,5.0
Web Developer,"HTML,CSS,JavaScript,TypeScript,React,Vue.js,Node.js,Express.js,REST APIs,Git,Responsive Design,Browser DevTools,npm,Webpack,HTTP/HTTPS,SQL,Debugging,Accessibility,Performance Optimization,SEO Basics",50000,110000,8,30,7,Hybrid,Moderate,5.0
AI Engineer,"Python,Deep Learning,TensorFlow,PyTorch,Mathematics,Linear Algebra,Calculus,Statistics,NLP,Computer Vision,Model Optimization,CUDA,MLOps,Docker,Kubernetes,Cloud Platforms,Data Pipelines,Research Skills,Git,System Design",90000,160000,10,20,9,Remote,Rising,6.5
Data Analyst,"SQL,Excel,Python,Tableau,Power BI,Statistics,Data Cleaning,Pivot Tables,Data Storytelling,Google Sheets,Google Analytics,Business Intelligence,Critical Thinking,Communication,Problem Solving,ETL Basics,Data Modeling,Attention to Detail,Report Writing,Dashboard Design",50000,90000,8,40,6,On-site,Stable,3.0
Cybersecurity Analyst,"Networking,Linux,Python,Ethical Hacking,Firewalls,SIEM,Incident Response,Threat Intelligence,Vulnerability Assessment,IDS/IPS,TCP/IP,Cryptography,Risk Management,Compliance,Active Directory,Log Analysis,Security Auditing,Penetration Testing Basics,Communication,NIST Framework",70000,130000,9,15,7,Hybrid,Rising,6.5
Mobile Developer,"Java,Kotlin,Swift,Flutter,Dart,React Native,REST APIs,Git,SQLite,Firebase,UI/UX Principles,App Store Deployment,Push Notifications,State Management,Testing,Debugging,JSON,OAuth,Performance Optimization,Material Design",60000,120000,8,25,7,Remote,Moderate,5.0
DevOps Engineer,"Linux,Docker,Kubernetes,CI/CD,AWS,Azure,GCP,Terraform,Ansible,Bash Scripting,Python,Git,Jenkins,Monitoring,Logging,Prometheus,Grafana,Networking,Infrastructure as Code,Site Reliability",75000,140000,9,20,8,Remote,Rising,6.5
Business Analyst,"Excel,SQL,Communication,Requirement Analysis,Tableau,Power BI,Process Mapping,JIRA,Stakeholder Management,Use Case Writing,User Stories,Gap Analysis,SWOT Analysis,Agile,Scrum,Data Analysis,Report Writing,Presentation Skills,Wireframing,Business Intelligence",45000,85000,7,35,6,On-site,Stable,3.0
Cloud Engineer,"AWS,Azure,GCP,Terraform,Linux,Docker,Kubernetes,Networking,IAM,S3,EC2,CloudFormation,Load Balancing,Auto Scaling,Cost Optimization,Monitoring,Python,Bash,Security,DevOps",80000,150000,10,20,8,Remote,Rising,6.5
Game Developer,"C++,C#,Unity,Unreal Engine,Mathematics,3D Modeling,Physics Simulation,Game Design Patterns,OpenGL,DirectX,Animation,AI for Games,Version Control,Performance Profiling,Networking for Games,Shader Programming,Linear Algebra,Sound Integration,UI Design,Platform SDKs",55000,110000,6,30,8,On-site,Stable,3.0
Machine Learning Engineer,"Python,TensorFlow,PyTorch,Mathematics,MLOps,Docker,Kubernetes,Scikit-learn,Feature Engineering,Model Training,Hyperparameter Tuning,Data Pipelines,SQL,NoSQL,Git,REST APIs,Statistics,Linear Algebra,Cloud Platforms,A/B Testing",85000,155000,10,22,9,Remote,Rising,6.5
Full Stack Developer,"JavaScript,TypeScript,React,Vue.js,Node.js,Express.js,PostgreSQL,MongoDB,Docker,Git,HTML,CSS,REST APIs,GraphQL,Authentication,Testing,CI/CD,Linux,Redux,System Design",60000,120000,9,28,8,Hybrid,Moderate,5.0
Backend Developer,"Python,Java,Node.js,Go,SQL,NoSQL,REST APIs,GraphQL,Docker,Kubernetes,Microservices,Message Queues,Redis,Authentication,Authorization,Git,Linux,System Design,Performance Optimization,API Security",60000,115000,9,27,7,Remote,Moderate,5.0
Frontend Developer,"HTML,CSS,JavaScript,TypeScript,React,Vue.js,Redux,Webpack,Vite,Figma,REST APIs,GraphQL,Testing,Accessibility,Performance Optimization,Responsive Design,Git,Browser DevTools,Animation,Web Security Basics",50000,105000,8,30,7,Hybrid,Moderate,5.0
UI/UX Designer,"Figma,Adobe XD,Sketch,User Research,Wireframing,Prototyping,Usability Testing,Information Architecture,Interaction Design,Visual Design,CSS,Design Systems,Accessibility,A/B Testing,User Personas,Journey Mapping,Typography,Color Theory,Communication,Collaboration",45000,95000,7,25,7,Hybrid,Stable,3.0
Database Administrator,"SQL,PostgreSQL,MySQL,Oracle,SQL Server,Performance Tuning,Backup and Recovery,Replication,Indexing,Query Optimization,Database Security,Monitoring,Capacity Planning,Scripting,Linux,ETL,Data Modeling,High Availability,Clustering,Troubleshooting",60000,110000,7,38,5,On-site,Stable,3.0
Network Engineer,"Networking,Cisco,Juniper,Linux,Firewalls,TCP/IP,BGP,OSPF,MPLS,VPN,VLAN,Network Security,Load Balancing,Routing,Switching,Monitoring,Troubleshooting,Network Design,Scripting,Wireless Networks",55000,100000,7,20,5,On-site,Stable,3.0
System Administrator,"Linux,Windows Server,Bash,PowerShell,Networking,Active Directory,DNS,DHCP,Virtualization,VMware,Backup Solutions,Monitoring,Patch Management,Security Hardening,Troubleshooting,User Management,Storage Management,Cloud Basics,Documentation,Automation",50000,90000,6,35,5,On-site,Stable,3.0
Blockchain Developer,"Solidity,Ethereum,Web3.js,Ethers.js,Cryptography,Smart Contracts,Truffle,Hardhat,IPFS,DeFi Protocols,NFT Standards,Consensus Mechanisms,Security Auditing,JavaScript,Python,Gas Optimization,Layer 2 Solutions,Tokenomics,Wallet Integration,Testing",80000,150000,7,18,8,Remote,Stable,3.0
Embedded Systems Engineer,"C,C++,RTOS,Microcontrollers,ARM,Electronics,PCB Design,Debugging,UART,SPI,I2C,CAN Bus,Assembly Language,Hardware Abstraction,Low-level Programming,Memory Management,Power Management,Signal Processing,Oscilloscope,Firmware Development",60000,115000,7,15,6,On-site,Stable,3.0
Data Engineer,"Python,Spark,Kafka,SQL,Airflow,AWS,Hadoop,Hive,dbt,ETL,Data Warehousing,Snowflake,BigQuery,Redshift,Data Modeling,NoSQL,Docker,Git,Bash,Pipeline Orchestration",75000,135000,9,22,7,Remote,Rising,6.5
NLP Engineer,"Python,NLP,Transformers,BERT,GPT,SpaCy,NLTK,Hugging Face,Machine Learning,Deep Learning,Text Classification,Named Entity Recognition,Sentiment Analysis,Question Answering,Sequence Modeling,PyTorch,TensorFlow,Mathematics,Data Preprocessing,Model Fine-tuning",85000,150000,9,20,8,Remote,Rising,6.5
Computer Vision Engineer,"Python,OpenCV,Deep Learning,TensorFlow,PyTorch,Image Processing,Object Detection,YOLO,Segmentation,Feature Extraction,CNNs,Data Augmentation,Mathematics,Linear Algebra,CUDA,Model Optimization,Video Analysis,3D Vision,Transfer Learning,Edge Deployment",85000,155000,9,18,8,Remote,Rising,6.5
Robotics Engineer,"Python,C++,ROS,Mathematics,Control Systems,Kinematics,Sensor Fusion,SLAM,Computer Vision,Machine Learning,Embedded Systems,Electronics,PID Controllers,Motion Planning,Simulation,CAD,Signal Processing,Linear Algebra,Real-time Systems,Hardware Integration",75000,135000,8,12,6,On-site,Moderate,5.0
Site Reliability Engineer,"Linux,Kubernetes,Prometheus,Python,Go,Terraform,CI/CD,Incident Management,On-call Practices,SLOs/SLAs,Distributed Systems,Chaos Engineering,Observability,Logging,Alerting,Performance Engineering,Automation,Networking,Security,Post-mortem Analysis",80000,145000,9,20,7,Remote,Rising,6.5
QA Engineer,"Selenium,Python,Java,JIRA,Test Automation,REST API Testing,Postman,JUnit,TestNG,BDD,Cucumber,Load Testing,JMeter,Bug Tracking,Test Planning,Manual Testing,Regression Testing,CI/CD Integration,SQL,Agile",45000,85000,7,45,5,Hybrid,Stable,3.0
Scrum Master,"Agile,Scrum,Kanban,JIRA,Confluence,Communication,Leadership,Facilitation,Conflict Resolution,Sprint Planning,Retrospectives,Backlog Refinement,Stakeholder Management,Coaching,Risk Management,Metrics Tracking,Team Dynamics,SAFe,Servant Leadership,Continuous Improvement",55000,100000,7,30,6,Hybrid,Stable,3.0
Product Manager,"Communication,SQL,Agile,User Research,Roadmapping,Product Strategy,Prioritization,Wireframing,Stakeholder Management,Data Analysis,A/B Testing,Competitive Analysis,Go-to-Market Strategy,JIRA,OKRs,Customer Discovery,Pricing Strategy,Technical Literacy,Presentation Skills,Leadership",70000,130000,8,20,7,On-site,Moderate,5.0
IT Project Manager,"PMP,MS Project,Communication,Risk Management,Budgeting,Agile,Waterfall,Stakeholder Management,Resource Planning,Change Management,JIRA,Confluence,Scope Management,Quality Assurance,Reporting,Contract Management,Vendor Management,Problem Solving,Leadership,Documentation",65000,120000,7,22,6,On-site,Stable,3.0
Software Architect,"System Design,Cloud,Microservices,Java,Python,Design Patterns,Domain-Driven Design,API Design,Security Architecture,Scalability,Performance,DevOps,Containerization,Event-Driven Architecture,SQL,NoSQL,Documentation,Technical Leadership,Communication,Code Review",100000,175000,8,15,6,Remote,Moderate,5.0
Solutions Architect,"AWS,Azure,GCP,Solution Design,Communication,DevOps,Security,Networking,Cost Optimization,Migration Strategy,Enterprise Architecture,TOGAF,Presales,Technical Writing,System Integration,Hybrid Cloud,Compliance,Performance,Disaster Recovery,Client Engagement",95000,170000,9,15,7,Remote,Rising,6.5
Penetration Tester,"Kali Linux,Python,Ethical Hacking,Metasploit,Nmap,Burp Suite,Networking,Web Application Security,Social Engineering,Exploit Development,Reverse Engineering,Report Writing,OWASP Top 10,Cryptography,Active Directory Attacks,Wireless Hacking,Scripting,CVE Analysis,Red Teaming,Risk Assessment",70000,130000,8,12,7,Remote,Moderate,5.0
Security Engineer,"SIEM,Python,Threat Analysis,Linux,Networking,Incident Response,Malware Analysis,Vulnerability Management,IAM,PKI,Firewall Management,IDS/IPS,Log Analysis,Compliance,Risk Assessment,Scripting,Cloud Security,Endpoint Security,SOAR,Threat Hunting",75000,140000,9,15,7,Hybrid,Rising,6.5
AR/VR Developer,"Unity,C#,Unreal Engine,3D Modeling,OpenXR,ARKit,ARCore,Spatial Computing,UI/UX for XR,Physics Simulation,Shader Programming,WebXR,Blender,Performance Optimization,Interaction Design,Mathematics,Hand Tracking,Oculus SDK,Multiplayer Networking,Asset Optimization",65000,125000,7,22,7,Remote,Stable,3.0
IoT Developer,"C,C++,Python,MQTT,Embedded Systems,Networking,Raspberry Pi,Arduino,WiFi/BLE Protocols,Edge Computing,AWS IoT,Azure IoT,Firebase,REST APIs,Security,Firmware Development,Linux,Data Processing,Cloud Integration,OTA Updates",60000,110000,7,20,6,Hybrid,Stable,3.0
Quantitative Analyst,"Python,R,Mathematics,Statistics,Financial Modeling,Stochastic Calculus,Linear Algebra,Machine Learning,SQL,MATLAB,Risk Modeling,Derivatives Pricing,Monte Carlo Simulation,Time Series Analysis,Backtesting,Bloomberg Terminal,Data Analysis,Optimization,Portfolio Theory,Communication",90000,160000,8,28,8,On-site,Moderate,5.0
Financial Analyst,"Excel,SQL,Financial Modeling,Bloomberg,Power BI,Accounting,Valuation,DCF Analysis,Financial Statements,Forecasting,Budgeting,Variance Analysis,PowerPoint,Communication,ERP Systems,GAAP,Risk Analysis,Investment Analysis,Pivot Tables,Attention to Detail",50000,95000,7,42,6,On-site,Stable,3.0
Digital Marketing Analyst,"Google Analytics,SEO,SEM,Google Ads,Python,SQL,Social Media,Email Marketing,A/B Testing,Conversion Optimization,Content Marketing,Facebook Ads,Marketing Automation,HubSpot,Data Visualization,Copywriting,UTM Tracking,Audience Segmentation,Reporting,Communication",40000,75000,7,40,6,Hybrid,Stable,3.0
Content Strategist,"SEO,Copywriting,CMS,Analytics,Social Media,Content Planning,Editorial Calendar,Keyword Research,Brand Voice,UX Writing,HTML Basics,Email Marketing,Video Scripting,Audience Research,Competitor Analysis,WordPress,HubSpot,A/B Testing,Communication,Content Distribution",38000,70000,6,35,5,Remote,Stable,3.0
Technical Writer,"Markdown,Documentation,Git,Communication,APIs,DITA,XML,Confluence,Structured Writing,Style Guides,Static Site Generators,Diagrams,User Manuals,Developer Portals,Research,Editing,Information Architecture,Code Reading,Agile,Docs-as-Code",45000,85000,6,38,5,Remote,Stable,3.0
Data Visualization Specialist,"Tableau,Power BI,D3.js,Python,SQL,R,Matplotlib,Seaborn,Plotly,Storytelling with Data,Chart Design,Color Theory,Dashboard Design,Data Cleaning,Statistics,Adobe Illustrator,Figma,Excel,Communication,Business Intelligence",55000,100000,8,35,6,Hybrid,Stable,3.0
Research Scientist,"Python,R,Machine Learning,Deep Learning,Statistics,Mathematics,LaTeX,Experiment Design,Literature Review,Scientific Writing,Data Analysis,Pytorch,TensorFlow,Critical Thinking,Hypothesis Testing,Causal Inference,Simulation,Peer Review,Domain Expertise,Communication",80000,145000,8,18,7,On-site,Moderate,5.0
Bioinformatics Analyst,"Python,R,Genomics,Bioconductor,Statistics,BLAST,Sequence Alignment,Linux,Nextflow,Snakemake,RNA-seq,Variant Calling,Molecular Biology,Machine Learning,Data Visualization,SQL,Pathway Analysis,Proteomics,Scientific Writing,Cloud Computing",65000,115000,7,20,6,On-site,Stable,3.0
Healthcare Data Analyst,"SQL,Python,HL7,FHIR,HIPAA,Tableau,Power BI,Excel,EHR Systems,Clinical Data,ICD Coding,Statistical Analysis,Data Cleaning,Healthcare Terminology,Report Writing,ETL,Communication,Privacy Compliance,SAS,Data Governance",55000,100000,8,30,5,Hybrid,Moderate,5.0
ERP Consultant,"SAP,Oracle ERP,SQL,Business Analysis,Communication,ERP Implementation,Process Mapping,Change Management,Module Configuration,Data Migration,ABAP Basics,Financial Processes,Supply Chain,Integration,Testing,Documentation,Stakeholder Management,Training,Project Management,Troubleshooting",60000,115000,7,30,6,On-site,Stable,3.0
Salesforce Developer,"Apex,Lightning Web Components,Visualforce,SOQL,JavaScript,CRM,Salesforce Administration,Flows,Process Builder,Integration APIs,REST APIs,Debugging,Version Control,Salesforce Security,Custom Objects,Triggers,Test Classes,Deployment,DevOps,Communication",65000,120000,7,28,7,Remote,Stable,3.0
CRM Analyst,"Salesforce,HubSpot,SQL,Excel,Power BI,Communication,Customer Segmentation,Campaign Analysis,Lead Scoring,Data Quality,CRM Strategy,Report Building,A/B Testing,Marketing Automation,Pipeline Management,KPI Tracking,Problem Solving,Collaboration,Data Cleaning,Business Intelligence",45000,80000,6,38,5,Hybrid,Stable,3.0
ETL Developer,"SQL,Python,Informatica,SSIS,SSIS,Talend,Data Warehousing,Data Modeling,Stored Procedures,Spark,Airflow,Data Quality,Shell Scripting,Git,Debugging,Performance Tuning,Cloud Data Platforms,NoSQL,Scheduling,Documentation",60000,105000,7,40,5,Hybrid,Stable,3.0
Data Architect,"SQL,NoSQL,Spark,Data Modeling,Cloud,Data Warehousing,ETL Design,Schema Design,Lakehouse Architecture,Snowflake,BigQuery,Redshift,dbt,Data Governance,Metadata Management,Python,Security,Performance Optimization,Master Data Management,Communication",90000,160000,8,20,6,Remote,Moderate,5.0
Platform Engineer,"Kubernetes,Terraform,Go,Python,AWS,Linux,Docker,CI/CD,Helm,Service Mesh,Observability,Networking,IAM,Security,GitOps,ArgoCD,Automation,SRE Practices,Cost Management,Developer Experience",85000,150000,9,18,7,Remote,Rising,6.5
Firmware Engineer,"C,C++,RTOS,Hardware Debugging,Embedded Linux,ARM Architecture,JTAG,Oscilloscope,Bootloaders,Device Drivers,Memory Management,Power Optimization,Communication Protocols,OTA Updates,Unit Testing,Version Control,Assembly Language,Safety Standards,Signal Processing,Documentation",65000,115000,7,14,5,On-site,Stable,3.0
Hardware Engineer,"VHDL,FPGA,Electronics,Circuit Design,C,PCB Design,Altium,Signal Integrity,Power Electronics,Simulation,Oscilloscope,Logic Analyzers,Embedded Systems,Schematic Capture,EMC Compliance,Manufacturing Processes,Soldering,Component Selection,Documentation,Testing",65000,120000,6,12,5,On-site,Stable,3.0
3D Artist,"Blender,Maya,3ds Max,ZBrush,Substance Painter,Texturing,UV Unwrapping,Lighting,Rendering,Animation,Rigging,PBR Materials,Photoshop,Composition,Color Theory,Game Asset Pipeline,LOD Optimization,VFX Basics,Communication,Attention to Detail",40000,80000,5,30,7,Remote,Declining,1.5
Animator,"Adobe After Effects,3D Modeling,Rigging,Unity,Maya,Blender,Character Animation,Motion Capture,Keyframing,Physics Simulation,Compositing,Lip Sync,Storyboarding,Timing and Spacing,Expression Controllers,Video Editing,Communication,Creativity,Rendering,Asset Management",40000,80000,5,30,7,Remote,Declining,1.5
E-commerce Developer,"Shopify,WooCommerce,JavaScript,PHP,SEO,HTML,CSS,Payment Gateways,Liquid Templating,REST APIs,Performance Optimization,Conversion Optimization,Email Marketing Integration,Analytics,A/B Testing,Security,Database Basics,Git,UX Principles,Marketing Basics",45000,90000,7,32,7,Remote,Stable,3.0
WordPress Developer,"PHP,CSS,JavaScript,MySQL,SEO,HTML,Elementor,WooCommerce,Plugin Development,Theme Development,WordPress Hooks,REST APIs,Performance Optimization,Security Hardening,Git,cPanel,Page Speed,Responsive Design,Content Management,Troubleshooting",38000,75000,6,40,6,Remote,Stable,3.0
GIS Analyst,"ArcGIS,QGIS,Python,SQL,Remote Sensing,Spatial Analysis,Google Earth Engine,PostGIS,Cartography,GPS,LiDAR,Aerial Imagery,Geostatistics,Data Collection,Field Surveys,Map Design,Environmental Science,Urban Planning,R,Documentation",50000,90000,6,25,5,On-site,Stable,3.0
Automation Engineer,"Python,Selenium,RPA,UiPath,Robot Framework,CI/CD,Jenkins,Bash,PowerShell,REST API Testing,Test Automation,Performance Testing,JMeter,Git,Linux,JIRA,Agile,Debugging,BDD,Documentation",55000,105000,8,20,6,Hybrid,Moderate,5.0
Cloud Security Engineer,"AWS,Azure,GCP,IAM,Python,Threat Analysis,Compliance,Zero Trust,CSPM,Encryption,Key Management,Network Security,Security Automation,SIEM,DevSecOps,Risk Assessment,Penetration Testing Basics,Regulatory Frameworks,Container Security,Identity Federation",80000,145000,9,15,7,Remote,Rising,6.5
MLOps Engineer,"Python,Docker,Kubernetes,MLflow,CI/CD,Airflow,Terraform,Feature Stores,Model Monitoring,Data Versioning,DVC,Experiment Tracking,Cloud Platforms,Spark,Bash,Git,Observability,A/B Testing for ML,Model Serving,DataOps",85000,155000,10,18,8,Remote,Rising,6.5
